num__destination_port,num__flow_duration,num__total_fwd_packets,num__total_backward_packets,num__total_length_of_fwd_packets,num__total_length_of_bwd_packets,num__fwd_packet_length_max,num__fwd_packet_length_min,num__fwd_packet_length_mean,num__bwd_packet_length_mean,num__flow_bytes_per_s,num__flow_packets_per_s,num__flow_iat_mean,num__flow_iat_std,num__flow_iat_max,num__flow_iat_min,num__fwd_header_length,num__bwd_header_length,num__fwd_packets_per_s,num__bwd_packets_per_s,num__min_packet_length,num__max_packet_length,num__packet_length_mean,num__packet_length_std,num__fin_flag_count,num__syn_flag_count,num__rst_flag_count,num__psh_flag_count,num__ack_flag_count,num__down_per_up_ratio,num__average_packet_size,num__protocol,num__total_packets,num__total_bytes,num__calc_flow_packets_per_s,num__calc_flow_bytes_per_s,num__fwd_bwd_packet_ratio,num__fwd_bwd_byte_ratio,num__syn_ratio,num__rst_ratio,cat__port_category_registered,cat__port_category_well_known,original_label,normalized_label,is_intrusion
0.9307692307692308,1.1083863763260748,0.3333333333333333,0.8695652173913043,0.4078014184397163,2.293882978723404,1.1152416356877324,0.0,0.7759248610312436,1.15408947700063,0.5282967699719144,-0.138763971881695,0.7345164822490216,1.8969233234516467,1.4407243630237945,0.012903225806451613,0.32653061224489793,0.851063829787234,-0.16172444637194047,-0.0658430533508179,0.0,0.8714285714285714,1.1880514873101062,0.9761357835630424,1.0,0.0,0.0,0.9090909090909091,0.7391304347826086,0.0,1.1428875186051457,0.0,0.35714285714285715,2.1039785208689286,-0.14589255114978944,0.4277175943208933,-0.07518796992481201,-0.5497515184966987,-0.07434803224276908,0.0,0.0,1.0,BENIGN,BENIGN,0
0.0,0.7705192629815746,-0.16666666666666666,0.17391304347826086,-0.23049645390070922,1.0265957446808511,0.5204460966542751,0.0,-0.127659574468085,0.9864776307498424,-0.30784644032534403,-0.16136627035462736,1.0857101170316823,2.4711789920679434,1.7308907138344916,-0.03870967741935484,-0.16326530612244897,0.1702127659574468,-0.18038770769522675,-0.19877148181378973,0.0,0.8714285714285714,0.9813972527972347,0.8910158244002043,1.0,0.0,0.0,0.18181818181818182,0.13043478260869565,0.0,0.9636402296406551,0.0,-0.14285714285714285,0.85306321698804,-0.16849872760199516,-0.3703168432542769,-0.1038961038961037,-0.5595951487842334,0.0,0.0,0.0,1.0,BENIGN,BENIGN,0
-0.06923076923076923,-0.12506979341150196,-0.6666666666666666,-0.5217391304347826,-0.6170212765957447,-0.1372340425531915,-0.5130111524163569,1.05,-1.0093923710944983,-0.031795841209829874,-1.4735646875463115,-0.11453349486984671,0.753947366450119,0.42865155035654195,0.1684565171615077,2.567741935483871,-0.673469387755102,-0.5319148936170213,-0.12667714742634104,0.0,1.05,-0.11142857142857143,-0.06799781679250433,-0.08550280755487495,0.0,-1.0,0.0,-0.5454545454545454,-0.6086956521739131,0.0,-0.04550287050818628,11.0,-0.6428571428571429,-0.2682450573590432,-0.12168306232293485,-1.4829053633166038,-0.28571428571428564,-0.07517319905446487,-0.17524893314367,0.0,0.0,1.0,BENIGN,BENIGN,0
0.9307692307692308,2.5962869905080947,1.1666666666666667,2.084695652173912,1.1702127659574468,4.384805851063828,1.3380193308550186,0.0,0.7349051178838412,1.2092249527410208,0.25724932506394976,-0.1532954133212865,0.9201434398297178,2.2494191170579283,2.146944619919983,-0.07741935483870968,1.1428571428571428,2.040340425531914,-0.17564307592226167,-0.14148664504106562,0.0,0.8714285714285714,1.2628158919312291,0.9562702058873576,1.0,0.0,0.0,1.999054545454545,1.7807999999999993,0.0,1.1970761641505423,0.0,1.2142857142857142,4.127660483280447,-0.1604246062353791,0.16902354061288918,-0.1038961038961037,-0.5561589053073105,-0.11683262209577998,0.0,0.0,1.0,BENIGN,BENIGN,0
0.0,-0.23618090452261306,9.166666666666666,-0.6956521739130435,5.691489361702128,-0.1595744680851064,-0.44609665427509293,1.5,-0.3193406172129575,-0.13765595463137997,0.0,19.32832296351054,-0.44408677690283216,-0.5944235237561093,-0.4596757212044641,-0.11612903225806452,8.959183673469388,-0.7021276595744681,38.48285582630851,-0.5728483677272413,1.5,-0.12857142857142856,-0.07482034021650141,-0.13016845329249618,0.0,119.0,0.0,-0.5454545454545454,-0.6086956521739131,-1.0,-0.07867318732723794,0.0,3.5,0.5796924578960215,19.321234004310515,45.085633893250346,357.71428571428567,7948.82838586608,3.1269623690676327,0.0,0.0,1.0,DoS Hulk,DoS,1
0.0,-0.2384142936906756,8.333333333333334,-0.6956521739130435,5.159574468085107,-0.1595744680851064,-0.44609665427509293,1.5,-0.3193406172129575,-0.13765595463137997,47.96250285474145,19.58497611586822,-0.444151019552215,-0.5946638891114495,-0.45997008212255214,-0.1032258064516129,8.142857142857142,-0.7021276595744681,38.991031572385005,-0.5728483677272413,1.5,-0.12857142857142856,-0.07482034021650141,-0.13016845329249618,0.0,109.0,0.0,-0.5454545454545454,-0.6086956521739131,-1.0,-0.07867318732723794,0.0,3.142857142857143,0.5064681474249451,19.57791337428712,45.70059772265945,327.71428571428567,7286.37402438057,3.1244832314533593,0.0,0.0,1.0,DoS Hulk,DoS,1
0.0,-0.23115577889447236,11.244583333333331,-0.6956521739130435,7.0178191489361685,-0.1595744680851064,-0.44609665427509293,1.5,-0.3193406172129575,-0.13765595463137997,47.07812791962194,19.232455149660836,-0.44406880198682747,-0.5940830061693775,-0.45938092229943145,-0.12899870967741936,10.994693877551018,-0.7021276595744681,38.293036619412895,-0.5728483677272413,1.5,-0.12857142857142856,-0.07482034021650141,-0.13016845329249618,0.0,143.93499999999997,0.0,-0.5454545454545454,-0.6086956521739131,-1.0,-0.07867318732723794,0.0,4.390535714285713,0.7627532340737124,19.22536869339488,44.855955525590545,432.5192857142856,9600.658336230199,3.131662177219495,0.0,0.0,1.0,DoS GoldenEye,DoS,1
-0.15128205128205127,-0.2529313232830821,-0.75,-0.6086956521739131,-0.6560283687943262,-0.15425531914893617,-0.5204460966542751,1.0,-1.0860647881924475,-0.08724637681159421,0.13606453040129599,0.9126402321745142,-0.2696237400707313,-0.5969072990946239,-0.4127184670456938,15.341935483870968,-0.7551020408163265,-0.6170212765957447,0.8902230775485864,5.178618262129891,1.0,-0.14285714285714285,-0.12030382970981535,-0.13016845329249618,0.0,0.0,1.0,-0.5454545454545454,-0.5652173913043478,0.0,-0.12119923453115033,0.0,-0.7142857142857143,-0.2892360263607518,0.9055077774174732,0.05336194075295937,-0.7857142857142855,0.4532096033426953,0.9346609767662398,0.3333333333333333,0.0,1.0,PortScan,Port Scan,1
-0.14871794871794872,-0.25321049692908987,-0.75,-0.6086956521739131,-0.6560283687943262,-0.15425531914893617,-0.5204460966542751,1.0,-1.0860647881924475,-0.08724637681159421,0.2190700308347872,0.9622374176061109,-0.2771132884060294,-0.5969072990946239,-0.41482417351021267,14.696774193548388,-0.7551020408163265,-0.6170212765957447,0.9393380858157374,5.428739043412244,1.0,-0.14285714285714285,-0.12030382970981535,-0.13016845329249618,0.0,0.0,1.0,-0.5454545454545454,-0.5652173913043478,0.0,-0.12119923453115033,0.0,-0.7142857142857143,-0.2892360263607518,0.9551076556738223,0.1325843342356137,-0.7857142857142855,0.4532096033426953,0.9346609767662398,0.3333333333333333,0.0,1.0,PortScan,Port Scan,1
-0.14615384615384616,-0.2523171412618649,-0.75,-0.6086956521739131,-0.6560283687943262,-0.15425531914893617,-0.5204460966542751,1.0,-1.0860647881924475,-0.08724637681159421,-0.024244003611113864,0.8168477107675037,-0.2531467337330755,-0.5969072990946239,-0.4080859128237524,16.761290322580646,-0.7551020408163265,-0.6170212765957447,0.7953947903396308,4.6957001863482635,1.0,-0.14285714285714285,-0.12030382970981535,-0.13016845329249618,0.0,0.0,1.0,-0.5454545454545454,-0.5652173913043478,0.0,-0.12119923453115033,0.0,-0.7142857142857143,-0.2892360263607518,0.8097156461284936,-0.0996400863547624,-0.7857142857142855,0.4532096033426953,0.9346609767662398,0.3333333333333333,0.0,1.0,PortScan,Port Scan,1
20.512820512820515,-0.2536003629257398,-0.75,-0.6086956521739131,-0.6560283687943262,-0.15425531914893617,-0.5204460966542751,1.0,-1.0860647881924475,-0.08724637681159421,0.348189539081858,1.039391637063047,-0.28759865607544677,-0.5969072990946239,-0.41777216256053906,13.793548387096774,-0.7551020408163265,-0.6170212765957447,1.0157211395115604,5.8167124301193995,1.0,-0.14285714285714285,-0.12030382970981535,-0.13016845329249618,0.0,0.0,1.0,-0.5454545454545454,-0.5652173913043478,0.0,-0.12119923453115033,0.0,-0.7142857142857143,-0.2892360263607518,1.0322630218503652,0.2558191685419648,-0.7857142857142855,0.4532096033426953,0.9346609767662398,0.3333333333333333,1.0,0.0,PortScan,Port Scan,1
-0.14871794871794872,0.7565605806811837,0.16666666666666666,0.5217391304347826,0.03546099290780142,0.03324468085106383,0.0,0.0,0.0,-0.0071329552614996985,-1.4158878979724356,-0.13037228690527522,0.5991638668238474,0.22834708757311115,0.5474836807749,0.05161290322580645,0.16326530612244897,0.5106382978723404,-0.14981161737999077,-0.041962868382911155,0.0,0.0,-0.012735377058127918,-0.010209290454313435,1.0,0.0,0.0,0.5454545454545454,0.4782608695652174,0.0,-0.01275781416117372,0.0,0.14285714285714285,-0.021967293141322917,-0.13750680534461066,-1.4278574090407241,0.11428571428571453,0.0,-0.051925609820346656,0.0,0.0,1.0,SSH-Patator,Brute Force,1
-0.14871794871794872,0.8068118369625907,0.08333333333333333,0.43478260869565216,0.026595744680851064,0.02925531914893617,0.0,0.0,0.2031819053095647,0.0,-1.438715520271707,-0.14215213180284328,0.7427130439471717,0.38258152391635286,0.6317119393556538,0.012903225806451613,0.08163265306122448,0.425531914893617,-0.16111457458054373,-0.10311270619090342,0.0,0.0,0.0,0.0,1.0,0.0,0.0,0.36363636363636365,0.391304347826087,0.0,0.0,0.0,0.07142857142857142,-0.026848913839394677,-0.14928167547068785,-1.4496444788461007,0.0714285714285715,0.005402992805554399,-0.04205974395448078,0.0,0.0,1.0,SSH-Patator,Brute Force,1
-0.15128205128205127,0.5332216638749302,-0.08333333333333333,0.2608695652173913,-0.14184397163120568,-0.02925531914893617,-0.14869888475836432,0.0,0.021084914701935863,-0.02538122243226213,-1.4503930773146316,-0.13174808517628694,0.6141429634944435,0.1942953288999279,0.4211412929037692,0.09032258064516129,-0.08163265306122448,0.2553191489361702,-0.153267557531239,-0.03823590309890265,0.0,-0.02857142857142857,-0.029336850723187494,-0.017866258295048506,1.0,0.0,0.0,0.18181818181818182,0.21739130434782608,0.0,-0.02721667021050393,0.0,-0.07142857142857142,-0.1037344398340249,-0.13888402530424368,-1.4607900022887583,-0.03571428571428558,0.07384230451332104,-0.016690374585111425,0.0,0.0,1.0,FTP-Patator,Brute Force,1
0.9307692307692308,0.28754885538805136,0.6666666666666666,1.2173913043478262,0.5939716312056738,3.0452127659574466,1.2342007434944238,0.0,0.4684684684684683,1.2427858601134216,5.692987466342688,0.05121939533323753,-0.08238503168827901,0.2443714445957856,0.29479890503263845,-0.03870967741935484,0.6530612244897959,1.1914893617021276,0.009757948662347856,0.976533922285872,0.0,0.8714285714285714,1.2413581369962703,1.0015077930917136,1.0,0.0,0.0,1.6363636363636365,1.0869565217391304,0.0,1.1847756751009997,0.0,0.6428571428571429,2.8191359531364415,0.044089483618430694,5.357018247297088,0.062111801242236246,-0.5575260286102651,-0.09403601290635949,0.0,0.0,1.0,BENIGN,BENIGN,0
-0.06923076923076923,-0.1507537688442211,-0.6666666666666666,-0.5217391304347826,-0.6223404255319149,-0.13882978723404255,-0.5241539033457249,0.975,-1.1243013225991945,-0.039357277882797734,-1.4294196946017288,-0.08774991957398165,0.5242683834708665,0.044066981812354786,0.042114129290376924,1.793548387096774,-0.673469387755102,-0.5319148936170213,-0.10016805356029598,0.13499896473186557,0.975,-0.11571428571428571,-0.07823160192849997,-0.08869321082184789,0.0,-1.0,0.0,-0.5454545454545454,-0.6086956521739131,0.0,-0.05698490325324261,11.0,-0.6428571428571429,-0.2704417866731755,-0.09488361326058319,-1.4407724003299018,-0.28571428571428564,-0.07542287092024917,-0.17524893314367,0.0,0.0,1.0,BENIGN,BENIGN,0
0.9307692307692308,1.4712451144611949,0.5,1.0434782608695652,0.3546099290780142,2.639627659574468,1.1524163568773234,0.0,0.20778225033544181,1.1887460617517327,0.2804807277210247,-0.14866835047947594,0.8404935911934897,2.02708116336832,1.8109075594862076,-0.012903225806451613,0.4897959183673469,1.0212765957446808,-0.16921909305288266,-0.12754503416384846,0.0,0.8714285714285714,1.1930319294096243,0.9511655606602009,1.0,0.0,0.0,1.2727272727272727,0.9130434782608695,0.0,1.1375717627046567,0.0,0.5,2.413961435196485,-0.15580161758257463,0.19119612760737725,0.0,-0.5620570765572865,-0.08525623774556916,0.0,0.0,1.0,BENIGN,BENIGN,0
0.0,-0.06420993858179788,-0.3333333333333333,0.0,-0.2925531914893617,0.6648936170212766,0.37174721189591076,0.0,0.25570251102166,0.8390296156269691,3.667949361361227,0.04563406503898095,-0.07489548335298092,0.16424965948241327,0.042114129290376924,-0.06451612903225806,-0.32653061224489793,0.0,-0.006830564063643498,1.0046932155428254,0.0,0.8714285714285714,0.8689620667697626,0.8486472690148035,1.0,0.0,0.0,0.0,-0.043478260869565216,0.0,0.8790133957048692,0.0,-0.2857142857142857,0.5125701732975347,0.03850190549649095,3.4242747834399014,-0.28571428571428564,-0.5438292748179109,0.046733048838312,0.0,0.0,1.0,BENIGN,BENIGN,0
0.9307692307692308,0.9128978224455612,0.0,0.34782608695652173,0.0,1.4893617021276595,0.8921933085501859,0.0,0.3707111366685834,1.1645872715816004,0.024244003611113656,-0.15645085114684076,0.980449283025538,1.76668536174986,1.2634238787113077,0.03870967741935484,0.0,0.3404255319148936,-0.17462662293660042,-0.17848022637863203,0.0,0.8714285714285714,1.1532338761029746,0.9388293346945722,1.0,0.0,0.0,0.5454545454545454,0.30434782608695654,0.0,1.1226876461832873,0.0,0.0,1.3094947522577496,-0.16358216991366276,-0.05336194075295937,0.02197802197802223,-0.5545066999942574,-0.030478075329333904,0.0,0.0,1.0,BENIGN,BENIGN,0
0.0,-0.2367392518146287,8.75,-0.6956521739130435,5.425531914893617,-0.1595744680851064,-0.44609665427509293,1.5,-0.3193406172129575,-0.13765595463137997,46.420752878545876,18.970581189209902,-0.44403285215481797,-0.5943434019709959,-0.4598020635923352,-0.11612903225806452,8.551020408163266,-0.7021276595744681,37.77452362236738,-0.5728483677272413,1.5,-0.12857142857142856,-0.07482034021650141,-0.13016845329249618,0.0,114.0,0.0,-0.5454545454545454,-0.6086956521739131,-1.0,-0.07867318732723794,0.0,3.3214285714285716,0.5430803026604832,18.963492722113156,44.228541448080854,342.71428571428567,7617.601205123325,3.125776229950459,0.0,0.0,1.0,DoS Hulk,DoS,1
0.9358974358974359,-0.25125628140703515,-0.75,-0.6086956521739131,-0.6560283687943262,-0.15425531914893617,-0.5204460966542751,1.0,-1.0860647881924475,-0.08724637681159421,-0.2457610579618113,0.6844767517471267,-0.22468645005894278,-0.5969072990946239,-0.40008422825858075,19.206529032258064,-0.7551020408163265,-0.6170212765957447,0.6643536714281841,4.028366346883843,1.0,-0.14285714285714285,-0.12030382970981535,-0.13016845329249618,0.0,0.0,1.0,-0.5454545454545454,-0.5652173913043478,0.0,-0.12119923453115033,0.0,-0.7142857142857143,-0.2892360263607518,0.6773483374382673,-0.31106106926725074,-0.7857142857142855,0.4532096033426953,0.9346609767662398,0.3333333333333333,0.0,1.0,PortScan,Port Scan,1
0.0,0.0,-0.4166666666666667,-0.2608695652173913,-0.425531914893617,0.0,-0.11152416356877323,0.0,-0.3193406172129575,0.16480151228733458,-0.9139554080436771,-0.0912612853104444,0.2995819334119237,-0.19629837352776222,-0.042114129290376924,-0.07741935483870968,-0.42857142857142855,-0.2765957446808511,-0.10363754641801967,0.11733038857063978,0.0,0.2571428571428571,0.12985536250341123,0.12506380806533945,1.0,0.0,0.0,-0.18181818181818182,-0.21739130434782608,0.0,0.14458856049330215,0.0,-0.42857142857142855,-0.1159384915792043,0.0,0.0,0.2142857142857145,-0.34815913678213817,0.12745376955903273,0.0,0.0,1.0,BENIGN,BENIGN,0
20.512820512820515,-0.008375209380234505,-0.16666666666666666,-0.08695652173913043,-0.14184397163120568,-0.013297872340425532,0.11152416356877323,0.0,0.3515430323940962,0.06037807183364837,-0.6784964765868247,0.0,0.0,-0.0961461421360468,-0.06317119393556538,-0.03870967741935484,-0.16326530612244897,-0.0851063829787234,0.0017754045482882962,0.5007937055697426,0.0,0.15,0.049508778313472196,0.07912200102092906,0.0,0.0,0.0,0.0,0.0,0.0,0.0531575590048905,0.0,-0.25,-0.08908957773980962,-0.007129982499350157,-0.724073813956822,0.7142857142857143,-0.0022115662835945674,0.03285917496443813,0.0,1.0,0.0,Web Attack – XSS,Web Attack,1
20.512820512820515,0.008375209380234505,-0.08333333333333333,0.0,-0.06205673758865248,0.006648936170212766,0.22304832713754646,0.0,0.40483036227717073,0.05925645872715816,-0.6037223680715694,0.014264495506410143,-0.026433611894601056,-0.11417354378655557,-0.07580543272267846,-0.05161290322580645,-0.08163265306122448,0.0,0.01494863524245792,0.577472565394437,0.0,0.18571428571428572,0.05091876648776494,0.08699166241279563,0.0,0.0,0.0,0.18181818181818182,0.08695652173913043,0.0,0.05741016372528174,0.0,-0.17857142857142858,-0.05979985355137906,0.007129982499350196,-0.6527076411611976,0.7142857142857143,0.0026702044263246004,0.009736051841315,0.0,1.0,0.0,Web Attack – Sql Injection,Web Attack,1
11.189743589743589,0.21496370742601897,0.4166666666666667,0.34782608695652173,0.549645390070922,0.1196808510638298,0.5204460966542751,0.0,0.9579307648073602,0.08288594833018273,-0.5938959005554845,-0.010732595467394952,0.02219153171748826,0.0,0.0,-0.012903225806451613,0.40816326530612246,0.3404255319148936,0.0,0.40154600041410726,0.0,0.24285714285714285,0.08353042845447099,0.10889909817934322,0.0,0.0,0.0,0.36363636363636365,0.5217391304347826,0.0,0.08717839676802042,0.0,0.17857142857142858,0.12814254332438368,-0.017866897321901058,-0.6433291078150893,1.1758241758241754,0.11175810347670022,-0.05633001422475106,0.0,1.0,0.0,Infiltration,Infiltration,1
0.0,0.030709101060859854,0.16666666666666666,0.17391304347826086,0.06205673758865248,0.05319148936170213,0.14869888475836432,0.0,0.09584052137243623,0.06398235664776307,-0.42382390021756905,0.06143178846930463,-0.09532097957300589,-0.17626792724941914,-0.14739945251631922,0.012903225806451613,0.16326530612244897,0.1702127659574468,0.07359119616187354,0.7544343985092138,0.0,0.17142857142857143,0.04198126080232874,0.07103964607793091,0.0,0.0,0.0,0.18181818181818182,0.30434782608695654,0.0,0.04465234956410802,0.0,0.0,0.0,0.05429755903351294,-0.4810083383632141,0.9870129870129868,-0.03777019108868294,-0.030478075329333904,0.0,0.0,1.0,Bot,Bot,1
0.9307692307692308,1.3037409268565048,0.4166666666666667,0.9565217391304348,0.3280141843971631,2.473404255319149,1.0408921933085502,0.0,0.3197239792984474,1.1756521739130432,0.3695916162597479,-0.14504062369521614,0.7841991500860551,1.9669898245332909,1.600336913034323,0.0,0.40816326530612246,0.9361702127659575,-0.16656276258368796,-0.1044930637034992,0.0,0.8714285714285714,1.1900300191030655,0.9594606091543304,1.0,0.0,0.0,1.0909090909090908,0.8260869565217391,0.0,1.1333191579842654,0.0,0.42857142857142855,2.257749572858189,-0.15217419791470246,0.2762456567028197,-0.03571428571428558,-0.55982872420942,-0.08011379800853484,0.0,0.0,1.0,BENIGN,BENIGN,0
